{
    "loss": 3.559279680252075,
    "accuracy": 0.5948275923728943
}